FIPS_Code,State,Area_name,Civilian_labor_force_2019,Employed_2019,Unemployed_2019,Unemployment_rate_2019,Civilian_labor_force_2020,Employed_2020,Unemployed_2020,Unemployment_rate_2020,Median_Household_Income_2019,Med_HH_Income_Percent_of_State_T,Rural_urban_Continuum_Code,Urban_Influence_Code,Est_Total_Pop_Ct,CI90_LB_Total_Pop_Ct,CI90_UB_Total_Pop_Ct,Est_Total_Pop_Pct,Rural_urban_Continuum_Desc,Urban_Influence_Desc,TOT_POP,TOT_MALE,TOT_FEMALE,WA_MALE,WA_FEMALE,BA_MALE,BA_FEMALE,IA_MALE,IA_FEMALE,AA_MALE,AA_FEMALE,NA_MALE,NA_FEMALE,TOM_MALE,TOM_FEMALE,PCT_MALE,PCT_FEMALE,PCT_WA_MALE,PCT_WA_FEMALE,PCT_BA_MALE,PCT_BA_FEMALE,PCT_IA_MALE,PCT_IA_FEMALE,PCT_AA_MALE,PCT_AA_FEMALE,PCT_NA_MALE,PCT_NA_FEMALE,PCT_TOM_MALE,PCT_TOM_FEMALE,PCT_BY_F_WA_FEMALE,PCT_BY_F_BA_FEMALE,PCT_BY_F_IA_FEMALE,PCT_BY_F_AA_FEMALE,PCT_BY_F_NA_FEMALE,PCT_BY_F_TOM_FEMALE,year,agecat,racecat,sexcat,iprcat,NIPR,nipr_moe,NUI,nui_moe,NIC,nic_moe,PCTUI,pctui_moe,PCTIC,pctic_moe,PCTELIG,pctelig_moe,PCTLIIC,pctliic_moe
36001,NY,Albany County,156887,151417,5470,3.5,157326,146027,11299,7.2,69408,96.34915161,2,2,33970,29708,38232,11.7,"Metro - Counties in metro areas of 250,000 to 1 million population",Small-in a metro area with fewer than 1 million residents,259569,124183,135386,96960,104885,15956,18264,349,416,8168,8909,78,81,2672,2831,0.478419996,0.521580004,0.373542295,0.404073676,0.061471131,0.070362794,0.001344537,0.001602657,0.031467548,0.03432228,0.000300498,0.000312056,0.010293987,0.010906541,0.774710827,0.134903166,0.003072696,0.065804441,0.000598289,0.020910582,2018,1,0,2,0,94494,0,3563,670,90931,670,3.8,0.7,96.2,0.7,3.8,0.7,96.2,0.7
36003,NY,Allegany County,19188,18176,1012,5.3,19038,17502,1536,8.1,49411,68.59018707,7,9,7491,6283,8699,17.9,"Nonmetro - Urban population of 2,500 to 19,999, not adjacent to a metro area","Noncore adjacent to micro area and contains a town of 2,500-19,999 residents",38526,19517,19009,18621,18249,365,221,63,60,236,281,5,13,227,185,0.50659295,0.49340705,0.483335929,0.473680112,0.009474121,0.005736386,0.001635259,0.00155739,0.006125733,0.007293776,0.000129782,0.000337434,0.005892125,0.004801952,0.960018938,0.011626072,0.0031564,0.014782471,0.000683887,0.009732232,2018,1,0,2,0,12153,0,650,139,11503,139,5.3,1.1,94.7,1.1,5.3,1.1,94.7,1.1
36005,NY,Bronx County,596168,564818,31350,5.3,589087,494651,94436,16,41470,57.56684113,1,1,361834,343947,379721,26.2,Metro - Counties in metro areas of 1 million population or more,Large-in a metro area with at least 1 million residents or more,1125626,520202,605424,235691,267940,223831,268451,16131,17849,25416,27717,2196,2543,16937,20924,0.46214462,0.53785538,0.209386599,0.238036435,0.19885024,0.238490404,0.014330692,0.015856954,0.022579436,0.024623632,0.001950914,0.002259187,0.015046738,0.018588767,0.442565871,0.443409908,0.029481818,0.045781139,0.004200362,0.034560903,2018,1,0,2,0,462031,0,38475,4188,423556,4188,8.3,0.9,91.7,0.9,8.3,0.9,91.7,0.9
36007,NY,Broome County,83160,79389,3771,4.5,81897,74798,7099,8.7,52179,72.43260193,2,2,31962,28397,35527,17.8,"Metro - Counties in metro areas of 250,000 to 1 million population",Small-in a metro area with fewer than 1 million residents,160120,78062,82058,67888,71674,4622,4650,199,217,3672,3770,42,53,1639,1694,0.487521859,0.512478141,0.423982013,0.44762678,0.028865851,0.029040719,0.001242818,0.001355234,0.0229328,0.023544841,0.000262303,0.000331002,0.010236073,0.010579565,0.873455361,0.056667235,0.002644471,0.045943113,0.000645885,0.020643935,2018,1,0,2,0,55425,0,2568,490,52857,490,4.6,0.9,95.4,0.9,4.6,0.9,95.4,0.9
36009,NY,Cattaraugus County,33593,31964,1629,4.8,33142,30022,3120,9.4,50783,70.49473572,4,3,10821,9212,12430,14.7,"Nonmetro - Urban population of 20,000 or more, adjacent to a metro area",Micropolitan adjacent to a large metro area,62468,30896,31572,28754,29456,537,334,916,1040,236,269,4,11,449,462,0.49458923,0.50541077,0.460299673,0.471537427,0.008596401,0.005346738,0.014663508,0.016648524,0.003777934,0.004306205,6.40328E-05,0.00017609,0.00718768,0.007395787,0.932978589,0.010578994,0.03294058,0.008520208,0.00034841,0.014633219,2018,1,0,2,0,21773,0,1319,249,20454,249,6.1,1.1,93.9,1.1,6.1,1.1,93.9,1.1
36011,NY,Cayuga County,35747,34281,1466,4.1,35417,32618,2799,7.9,58055,80.58940887,4,5,10058,8534,11582,13.8,"Nonmetro - Urban population of 20,000 or more, adjacent to a metro area",Micropolitan adjacent to a small metro area,64372,32967,31405,29743,29953,2342,612,196,107,177,253,30,15,479,465,0.512132604,0.487867396,0.462048717,0.465311005,0.036382278,0.009507239,0.003044802,0.001662213,0.002749643,0.00393028,0.000466041,0.000233021,0.007441123,0.007223638,0.953765324,0.019487343,0.003407101,0.008056042,0.000477631,0.014806559,2018,1,0,2,0,22127,0,950,190,21177,190,4.3,0.9,95.7,0.9,4.3,0.9,95.7,0.9
36013,NY,Chautauqua County,54049,51606,2443,4.5,52729,48027,4702,8.9,50143,69.60631561,4,3,19896,16908,22884,16.3,"Nonmetro - Urban population of 20,000 or more, adjacent to a metro area",Micropolitan adjacent to a large metro area,105837,51896,53941,48593,51201,1760,1152,351,344,337,431,34,24,821,789,0.490338917,0.509661083,0.45913055,0.483772216,0.016629345,0.010884662,0.003316421,0.003250281,0.003184142,0.0040723,0.000321249,0.000226764,0.007757212,0.00745486,0.94920376,0.021356667,0.006377338,0.007990212,0.000444931,0.014627093,2018,1,0,2,0,36185,0,1798,340,34387,340,5,0.9,95,0.9,5,0.9,95,0.9
36015,NY,Chemung County,35052,33650,1402,4,35430,32328,3102,8.8,58400,81.06832886,3,2,11221,9298,13144,14.1,"Metro - Counties in metro areas of fewer than 250,000 population",Small-in a metro area with fewer than 1 million residents,68848,33921,34927,29636,32022,2928,1508,138,114,487,532,12,14,720,737,0.492694051,0.507305949,0.430455496,0.46511155,0.042528469,0.021903323,0.002004416,0.001655822,0.007073553,0.007727167,0.000174297,0.000203347,0.01045782,0.010704741,0.916826524,0.043175767,0.003263951,0.015231769,0.000400836,0.021101154,2018,1,0,2,0,24213,0,945,202,23268,202,3.9,0.8,96.1,0.8,3.9,0.8,96.1,0.8
36017,NY,Chenango County,21843,20910,933,4.3,21760,20261,1499,6.9,51894,72.03697968,6,6,6368,5155,7581,13.7,"Nonmetro - Urban population of 2,500 to 19,999, adjacent to a metro area","Noncore adjacent to a small metro with town of at least 2,500 residents",39232,19579,19653,18883,19112,242,153,88,76,112,116,4,4,250,192,0.499056892,0.500943108,0.481316272,0.487153344,0.006168434,0.003899878,0.002243067,0.001937194,0.002854812,0.00295677,0.000101958,0.000101958,0.006372349,0.004893964,0.972472396,0.007785071,0.003867094,0.005902407,0.000203531,0.009769501,2018,1,0,2,0,13802,0,621,126,13181,126,4.5,0.9,95.5,0.9,4.5,0.9,95.5,0.9
36019,NY,Clinton County,36068,34557,1511,4.2,35447,32623,2824,8,59069,81.99700165,5,8,10950,9078,12822,14.8,"Nonmetro - Urban population of 20,000 or more, not adjacent to a metro area",Micropolitan not adjacent to a metro area,68495,35249,33246,31503,31456,2761,589,169,131,416,637,15,17,385,416,0.514621505,0.485378495,0.459931382,0.4592452,0.040309512,0.008599168,0.002467333,0.001912548,0.006073436,0.009299949,0.000218994,0.000248193,0.005620848,0.006073436,0.946158936,0.017716417,0.003940324,0.0191602,0.00051134,0.012512783,2018,1,0,2,0,23278,0,1050,214,22228,214,4.5,0.9,95.5,0.9,4.5,0.9,95.5,0.9
36021,NY,Columbia County,31041,30086,955,3.1,30309,28431,1878,6.2,71563,99.34062958,6,3,5883,4591,7175,10.1,"Nonmetro - Urban population of 2,500 to 19,999, adjacent to a metro area",Micropolitan adjacent to a large metro area,51436,25520,25916,23067,23778,1503,1095,86,69,431,551,23,11,410,412,0.496150556,0.503849444,0.448460222,0.462283226,0.029220779,0.021288592,0.001671981,0.001341473,0.008379345,0.010712342,0.000447158,0.000213858,0.007971071,0.008009954,0.917502701,0.042251891,0.002662448,0.021260997,0.000424448,0.015897515,2018,1,0,2,0,17447,0,1003,201,16444,201,5.7,1.2,94.3,1.2,5.7,1.2,94.3,1.2
36023,NY,Cortland County,22836,21766,1070,4.7,22453,20668,1785,7.9,55143,76.54710388,4,5,7542,6330,8754,17.3,"Nonmetro - Urban population of 20,000 or more, adjacent to a metro area",Micropolitan adjacent to a small metro area,40104,19429,20675,18401,19707,480,341,78,82,164,252,6,6,300,287,0.48446539,0.51553461,0.458832037,0.491397367,0.011968881,0.008502892,0.001944943,0.002044684,0.004089368,0.006283662,0.000149611,0.000149611,0.007480551,0.007156393,0.953180169,0.016493349,0.003966143,0.012188634,0.000290206,0.013881499,2018,1,0,2,0,13732,0,567,125,13165,125,4.1,0.9,95.9,0.9,4.1,0.9,95.9,0.9
36025,NY,Delaware County,18941,18085,856,4.5,18614,17274,1340,7.2,51038,70.84871674,6,6,5290,4106,6474,12.6,"Nonmetro - Urban population of 2,500 to 19,999, adjacent to a metro area","Noncore adjacent to a small metro with town of at least 2,500 residents",38307,19401,18906,18380,18100,534,293,74,68,187,234,11,12,215,199,0.50646096,0.49353904,0.479807868,0.472498499,0.013940011,0.007648733,0.001931762,0.001775132,0.004881614,0.006108544,0.000287154,0.000313259,0.005612551,0.005194873,0.957368031,0.015497726,0.003596742,0.012377023,0.000634719,0.010525759,2018,1,0,2,0,12146,0,632,128,11514,128,5.2,1.1,94.8,1.1,5.2,1.1,94.8,1.1
36027,NY,Dutchess County,144340,139358,4982,3.5,142061,131173,10888,7.7,84564,117.3880463,1,1,23693,20057,27329,8.6,Metro - Counties in metro areas of 1 million population or more,Large-in a metro area with at least 1 million residents or more,250295,123729,126566,100802,104537,15420,13858,569,549,4395,4972,106,106,2437,2544,0.494332687,0.505667313,0.402732775,0.417655167,0.061607303,0.055366667,0.002273317,0.002193412,0.01755928,0.01986456,0.0004235,0.0004235,0.009736511,0.010164006,0.825948517,0.109492281,0.004337658,0.039283852,0.000837508,0.020100185,2018,1,0,2,0,87288,0,4580,823,82708,823,5.2,0.9,94.8,0.9,5.2,0.9,94.8,0.9
36029,NY,Erie County,440795,422846,17949,4.1,439291,397536,41755,9.5,60620,84.15003204,1,1,118386,108977,127795,13.3,Metro - Counties in metro areas of 1 million population or more,Large-in a metro area with at least 1 million residents or more,766367,366959,399408,300203,321395,45358,54820,2485,2787,13432,14314,148,164,5333,5928,0.478829334,0.521170666,0.391722243,0.41937479,0.059185743,0.071532308,0.003242572,0.003636639,0.017526851,0.018677735,0.000193119,0.000213997,0.006958807,0.007735197,0.804678424,0.137253135,0.006977827,0.03583804,0.000410608,0.014841966,2018,1,0,2,0,282502,0,11534,1631,270968,1631,4.1,0.6,95.9,0.6,4.1,0.6,95.9,0.6
36031,NY,Essex County,16940,16174,766,4.5,16518,15174,1344,8.1,55091,76.47491455,6,6,4338,3531,5145,12.4,"Nonmetro - Urban population of 2,500 to 19,999, adjacent to a metro area","Noncore adjacent to a small metro with town of at least 2,500 residents",32153,16661,15492,15330,15044,890,84,124,54,119,139,10,8,188,163,0.518178708,0.481821292,0.476782882,0.467887911,0.027680154,0.002612509,0.003856561,0.00167947,0.003701054,0.00432308,0.000311013,0.00024881,0.005847044,0.005069511,0.971081849,0.005422153,0.00348567,0.008972373,0.000516396,0.01052156,2018,1,0,2,0,10534,0,475,100,10059,100,4.5,0.9,95.5,0.9,4.5,0.9,95.5,0.9
36033,NY,Franklin County,19437,18515,922,4.7,19197,17622,1575,8.2,48943,67.94052887,7,8,8017,6753,9281,18.1,"Nonmetro - Urban population of 2,500 to 19,999, not adjacent to a metro area",Micropolitan not adjacent to a metro area,42075,23430,18645,18541,16714,3060,96,1499,1511,103,99,4,6,223,219,0.556862745,0.443137255,0.440665478,0.397243018,0.072727273,0.00228164,0.035626857,0.035912062,0.00244801,0.002352941,9.50683E-05,0.000142602,0.005300059,0.005204991,0.89643336,0.005148833,0.081040493,0.005309735,0.000321802,0.011745776,2018,1,0,2,0,13181,0,861,175,12320,175,6.5,1.3,93.5,1.3,6.5,1.3,93.5,1.3
36035,NY,Fulton County,22465,21380,1085,4.8,22509,20569,1940,8.6,50061,69.49249268,4,5,8533,7258,9808,16.4,"Nonmetro - Urban population of 20,000 or more, adjacent to a metro area",Micropolitan adjacent to a small metro area,44547,21996,22551,20837,21729,666,324,77,60,137,185,8,7,271,246,0.493770624,0.506229376,0.46775316,0.487776955,0.014950502,0.007273217,0.001728511,0.001346892,0.003075404,0.004152917,0.000179586,0.000157137,0.006083462,0.005522257,0.963549288,0.014367434,0.002660636,0.008203627,0.000310408,0.010908607,2018,1,0,2,0,15840,0,760,161,15080,161,4.8,1,95.2,1,4.8,1,95.2,1
36037,NY,Genesee County,29631,28514,1117,3.8,28962,26833,2129,7.4,62570,86.85693359,4,3,5825,4852,6798,10.5,"Nonmetro - Urban population of 20,000 or more, adjacent to a metro area",Micropolitan adjacent to a large metro area,47721,23751,23970,22033,22632,957,551,265,269,165,172,4,6,327,340,0.497705413,0.502294587,0.461704491,0.474256617,0.020054064,0.011546279,0.005553111,0.005636931,0.003457597,0.003604283,8.38205E-05,0.000125731,0.006852329,0.007124746,0.944180225,0.022987067,0.011222361,0.007175636,0.000250313,0.014184397,2018,1,0,2,0,16974,0,726,145,16248,145,4.3,0.9,95.7,0.9,4.3,0.9,95.7,0.9
36039,NY,Greene County,20162,19297,865,4.3,20281,18598,1683,8.3,54746,75.9960022,6,6,5589,4368,6810,12.6,"Nonmetro - Urban population of 2,500 to 19,999, adjacent to a metro area","Noncore adjacent to a small metro with town of at least 2,500 residents",40977,21418,19559,18588,18375,2116,517,95,92,280,248,11,9,328,318,0.522683457,0.477316543,0.453620324,0.448422286,0.051638724,0.012616834,0.002318374,0.002245162,0.006833101,0.006052176,0.000268443,0.000219635,0.00800449,0.007760451,0.939465208,0.026432844,0.004703717,0.012679585,0.000460146,0.0162585,2018,1,0,2,0,13396,0,764,159,12632,159,5.7,1.2,94.3,1.2,5.7,1.2,94.3,1.2
36041,NY,Hamilton County,2207,2081,126,5.7,2141,1972,169,7.9,60148,83.49481964,8,7,433,325,541,9.8,"Nonmetro - Completely rural or less than 2,500 urban population, adjacent to a","Noncore adjacent to a small metro and does not contain a town of at least 2,50",3949,1973,1976,1906,1907,27,16,9,6,9,20,2,1,20,26,0.499620157,0.500379843,0.482653836,0.482907065,0.006837174,0.004051659,0.002279058,0.001519372,0.002279058,0.005064573,0.000506457,0.000253229,0.005064573,0.006583945,0.965080972,0.008097166,0.003036437,0.010121457,0.000506073,0.013157895,2018,1,0,2,0,1230,0,72,16,1158,16,5.9,1.3,94.1,1.3,5.9,1.3,94.1,1.3
36043,NY,Herkimer County,27816,26506,1310,4.7,27477,25227,2250,8.2,55778,77.42858124,2,2,8235,6744,9726,13.7,"Metro - Counties in metro areas of 250,000 to 1 million population",Small-in a metro area with fewer than 1 million residents,51110,25161,25949,24301,25099,395,320,77,85,123,180,9,5,256,260,0.492291137,0.507708863,0.475464684,0.491078067,0.007728429,0.006261006,0.001506554,0.00166308,0.002406574,0.003521816,0.000176091,9.78282E-05,0.005008805,0.005087067,0.967243439,0.012331882,0.003275656,0.006936683,0.000192686,0.010019654,2018,1,0,2,0,17765,0,787,157,16978,157,4.4,0.9,95.6,0.9,4.4,0.9,95.6,0.9
36045,NY,Jefferson County,43737,41399,2338,5.3,43295,39542,3753,8.7,53829,74.72306061,3,2,15168,13196,17140,14.6,"Metro - Counties in metro areas of fewer than 250,000 population",Small-in a metro area with fewer than 1 million residents,87167,46014,41153,39838,37302,3935,1930,329,262,813,729,131,130,968,800,0.527883259,0.472116741,0.457030757,0.427937178,0.045143231,0.022141407,0.003774364,0.003005725,0.009326924,0.008363257,0.001502862,0.00149139,0.01110512,0.009177785,0.906422375,0.046898161,0.006366486,0.017714383,0.003158943,0.019439652,2018,1,0,2,0,31025,0,1305,262,29720,262,4.2,0.8,95.8,0.8,4.2,0.8,95.8,0.8
36047,NY,Kings County,1196433,1148750,47683,4,1151130,1006852,144278,12.5,66501,92.31378174,1,1,446923,424263,469583,17.7,Metro - Counties in metro areas of 1 million population or more,Large-in a metro area with at least 1 million residents or more,2064996,958676,1106320,494647,525089,305976,404012,9583,9671,126417,141265,1199,1131,20854,25152,0.464250778,0.535749222,0.239538963,0.25428088,0.148172684,0.195647837,0.004640687,0.004683302,0.061219005,0.068409333,0.000580631,0.000547701,0.010098809,0.012180169,0.47462669,0.36518548,0.008741594,0.127689095,0.001022308,0.022734833,2018,1,0,2,0,852269,0,67944,5348,784325,5348,8,0.6,92,0.6,8,0.6,92,0.6
36049,NY,Lewis County,11540,10926,614,5.3,11389,10515,874,7.7,56599,78.56825256,6,6,3208,2553,3863,12.4,"Nonmetro - Urban population of 2,500 to 19,999, adjacent to a metro area","Noncore adjacent to a small metro with town of at least 2,500 residents",21293,10742,10551,10468,10302,85,60,39,30,39,51,12,9,99,99,0.504485042,0.495514958,0.491616963,0.483820974,0.003991922,0.002817827,0.001831588,0.001408914,0.001831588,0.002395153,0.000563565,0.000422674,0.004649415,0.004649415,0.976400341,0.005686665,0.002843332,0.004833665,0.000853,0.009382997,2018,1,0,2,0,7600,0,371,77,7229,77,4.9,1,95.1,1,4.9,1,95.1,1
36051,NY,Livingston County,30584,29339,1245,4.1,29831,27727,2104,7.1,60268,83.66139984,1,1,7916,6866,8966,13.8,Metro - Counties in metro areas of 1 million population or more,Large-in a metro area with at least 1 million residents or more,53930,27005,26925,24818,25657,1337,370,161,91,342,436,18,10,329,361,0.500741702,0.499258298,0.460189134,0.475746338,0.024791396,0.006860745,0.002985351,0.001687373,0.006341554,0.008084554,0.000333766,0.000185426,0.006100501,0.006693862,0.952906221,0.013741876,0.003379759,0.016193129,0.000371402,0.013407614,2018,1,0,2,0,18043,0,762,153,17281,153,4.2,0.8,95.8,0.8,4.2,0.8,95.8,0.8
36053,NY,Madison County,32765,31355,1410,4.3,32437,29908,2529,7.8,61713,85.66728973,2,2,6488,5067,7909,9.8,"Metro - Counties in metro areas of 250,000 to 1 million population",Small-in a metro area with fewer than 1 million residents,59979,29332,30647,27840,29097,681,611,185,233,254,341,13,8,359,357,0.48903783,0.51096217,0.464162457,0.485119792,0.011353974,0.010186899,0.003084413,0.003884693,0.004234816,0.005685323,0.000216743,0.00013338,0.005985428,0.005952083,0.949424087,0.019936699,0.007602702,0.011126701,0.000261037,0.011648775,2018,1,0,2,0,20219,0,931,187,19288,187,4.6,0.9,95.4,0.9,4.6,0.9,95.4,0.9
36055,NY,Monroe County,360928,346547,14381,4,359299,328525,30774,8.6,62159,86.28640747,1,1,90791,83386,98196,12.7,Metro - Counties in metro areas of 1 million population or more,Large-in a metro area with at least 1 million residents or more,615760,293403,322357,234079,251911,41765,50832,1151,1350,10640,11759,186,207,5582,6298,0.476489217,0.523510783,0.380146486,0.40910582,0.067826751,0.082551643,0.001869235,0.002192413,0.01727946,0.019096726,0.000302066,0.00033617,0.00906522,0.010228011,0.78146589,0.157688525,0.004187903,0.03647819,0.000642145,0.019537345,2018,1,0,2,0,228341,0,10225,1541,218116,1541,4.5,0.7,95.5,0.7,4.5,0.7,95.5,0.7
36057,NY,Montgomery County,22185,21103,1082,4.9,22032,20098,1934,8.8,52092,72.31183624,4,5,7652,6285,9019,15.9,"Nonmetro - Urban population of 20,000 or more, adjacent to a metro area",Micropolitan adjacent to a small metro area,39889,19509,20380,18274,19164,655,542,107,130,153,217,34,20,286,307,0.489082203,0.510917797,0.458121287,0.480433202,0.016420567,0.013587706,0.002682444,0.003259044,0.003835644,0.005440096,0.000852365,0.000501391,0.007169896,0.007696357,0.94033366,0.026594701,0.006378803,0.010647694,0.000981354,0.015063788,2018,1,0,2,0,14575,0,775,161,13800,161,5.3,1.1,94.7,1.1,5.3,1.1,94.7,1.1
36059,NY,Nassau County,708259,684992,23267,3.3,698942,640035,58907,8.4,117767,163.4790039,1,1,74435,64934,83936,5.6,Metro - Counties in metro areas of 1 million population or more,Large-in a metro area with at least 1 million residents or more,1118704,539519,579185,402867,425849,67686,78635,3167,2831,57132,62309,507,518,8160,9043,0.48227145,0.51772855,0.360119388,0.380662803,0.06050394,0.070291158,0.002830954,0.002530607,0.051069809,0.055697486,0.000453203,0.000463036,0.007294155,0.008083461,0.735255575,0.135768364,0.004887903,0.107580479,0.00089436,0.015613319,2018,1,0,2,0,416505,0,19144,2284,397361,2284,4.6,0.5,95.4,0.5,4.6,0.5,95.4,0.5
36061,NY,New York County,918438,886994,31444,3.4,859618,777583,82035,9.5,93007,129.1082458,1,1,222672,207005,238339,14.1,Metro - Counties in metro areas of 1 million population or more,Large-in a metro area with at least 1 million residents or more,1430113,671010,759103,448930,485639,112685,134075,7906,8507,82196,107037,1173,1347,18120,22498,0.469200686,0.530799314,0.313912257,0.339580858,0.078794473,0.093751333,0.005528234,0.005948481,0.057475179,0.074845135,0.000820215,0.000941884,0.012670327,0.015731624,0.639753762,0.176622935,0.011206648,0.14100458,0.001774463,0.029637612,2018,1,0,2,0,559262,0,33067,3969,526195,3969,5.9,0.7,94.1,0.7,5.9,0.7,94.1,0.7
36063,NY,Niagara County,98222,93554,4668,4.8,98105,87906,10199,10.4,56371,78.25175476,1,1,25407,21925,28889,12.4,Metro - Counties in metro areas of 1 million population or more,Large-in a metro area with at least 1 million residents or more,175031,84769,90262,75704,80399,5770,6169,891,989,846,1101,44,44,1514,1560,0.484308494,0.515691506,0.432517668,0.459341488,0.032965589,0.035245185,0.005090527,0.005650428,0.00483343,0.006290314,0.000251384,0.000251384,0.008649896,0.008912707,0.890729211,0.068345483,0.010956992,0.012197824,0.00048747,0.017283021,2018,1,0,2,0,63999,0,2712,501,61287,501,4.2,0.8,95.8,0.8,4.2,0.8,95.8,0.8
36065,NY,Oneida County,101213,97070,4143,4.1,100648,92473,8175,8.1,56516,78.45304108,2,2,31586,27309,35863,14.6,"Metro - Counties in metro areas of 250,000 to 1 million population",Small-in a metro area with fewer than 1 million residents,188317,93210,95107,80858,84495,7349,5090,343,310,3210,3636,61,56,1389,1520,0.49496328,0.50503672,0.429371751,0.44868493,0.039024623,0.027028893,0.001821397,0.00164616,0.017045726,0.019307869,0.000323922,0.000297371,0.007375861,0.008071496,0.888420411,0.053518668,0.003259487,0.038230624,0.00058881,0.015981999,2018,1,0,2,0,65129,0,3220,574,61909,574,4.9,0.9,95.1,0.9,4.9,0.9,95.1,0.9
36067,NY,Onondaga County,219487,211207,8280,3.8,220483,202037,18446,8.4,61597,85.50626373,2,2,61412,55443,67381,13.8,"Metro - Counties in metro areas of 250,000 to 1 million population",Small-in a metro area with fewer than 1 million residents,380512,181222,199290,149949,163184,18962,22322,1603,1773,6643,7537,94,94,3971,4380,0.476258305,0.523741695,0.394071672,0.428853755,0.049832857,0.058663065,0.004212745,0.004659511,0.017458057,0.019807522,0.000247036,0.000247036,0.010435939,0.011510806,0.818826835,0.112007627,0.008896583,0.037819258,0.000471674,0.021978022,2018,1,0,2,0,140416,0,5757,874,134659,874,4.1,0.6,95.9,0.6,4.1,0.6,95.9,0.6
36069,NY,Ontario County,55334,53276,2058,3.7,54401,50447,3954,7.3,66754,92.66498566,1,1,8645,7101,10189,8.1,Metro - Counties in metro areas of 1 million population or more,Large-in a metro area with at least 1 million residents or more,92071,44672,47399,41994,44753,1241,1115,177,165,553,709,24,22,683,635,0.485190777,0.514809223,0.456104528,0.486070533,0.013478728,0.012110219,0.001922429,0.001792095,0.006006234,0.007700579,0.000260668,0.000238946,0.007418188,0.006896851,0.944176037,0.023523703,0.003481086,0.014958121,0.000464145,0.013396907,2018,1,0,2,0,32186,0,1268,246,30918,246,3.9,0.8,96.1,0.8,3.9,0.8,96.1,0.8
36071,NY,Orange County,186523,179768,6755,3.6,183265,167957,15308,8.4,83188,115.4779434,1,1,46013,40349,51677,12.3,Metro - Counties in metro areas of 1 million population or more,Large-in a metro area with at least 1 million residents or more,304284,151653,152631,121681,122714,20360,19971,1340,1262,4484,4883,173,168,3615,3633,0.498392949,0.501607051,0.399892863,0.403287718,0.066911175,0.065632764,0.004403781,0.004147441,0.014736233,0.016047508,0.000568548,0.000552116,0.011880349,0.011939504,0.803991325,0.130844979,0.008268307,0.03199219,0.001100694,0.023802504,2018,1,0,2,0,112240,0,6123,984,106117,984,5.5,0.9,94.5,0.9,5.5,0.9,94.5,0.9
36073,NY,Orleans County,17459,16668,791,4.5,17146,15713,1433,8.4,53115,73.73191833,1,1,5020,3997,6043,13.2,Metro - Counties in metro areas of 1 million population or more,Large-in a metro area with at least 1 million residents or more,34070,16906,17164,15132,15642,1261,1042,142,126,97,103,13,9,261,242,0.496213678,0.503786322,0.444144409,0.45911359,0.037012034,0.030584092,0.00416789,0.003698268,0.00284708,0.003023188,0.000381567,0.000264162,0.007660699,0.007103023,0.911326031,0.06070846,0.007340946,0.006000932,0.000524353,0.014099278,2018,1,0,2,0,11598,0,599,126,10999,126,5.2,1.1,94.8,1.1,5.2,1.1,94.8,1.1
36075,NY,Oswego County,52479,49738,2741,5.2,52209,47549,4660,8.9,57640,80.01332855,2,2,17530,15013,20047,15.6,"Metro - Counties in metro areas of 250,000 to 1 million population",Small-in a metro area with fewer than 1 million residents,97020,48334,48686,46572,46969,663,472,230,251,266,423,17,19,586,552,0.498185941,0.501814059,0.480024737,0.484116677,0.006833643,0.004864976,0.002370645,0.002587095,0.002741703,0.004359926,0.000175222,0.000195836,0.006039992,0.005689549,0.964733188,0.009694779,0.005155486,0.008688329,0.000390256,0.011337962,2018,1,0,2,0,34531,0,1670,319,32861,319,4.8,0.9,95.2,0.9,4.8,0.9,95.2,0.9
36077,NY,Otsego County,27820,26687,1133,4.1,26607,24686,1921,7.2,52414,72.75881958,7,8,8809,7270,10348,16.2,"Nonmetro - Urban population of 2,500 to 19,999, not adjacent to a metro area",Micropolitan not adjacent to a metro area,51858,24857,27001,23413,25541,666,596,79,61,311,447,10,19,378,337,0.479328165,0.520671835,0.451482896,0.49251803,0.012842763,0.011492923,0.001523391,0.001176289,0.005997146,0.008619692,0.000192834,0.000366385,0.007289136,0.006498515,0.945927929,0.022073257,0.002259176,0.016554942,0.000703678,0.012481019,2018,1,0,2,0,16772,0,851,184,15921,184,5.1,1.1,94.9,1.1,5.1,1.1,94.9,1.1
36079,NY,Putnam County,50954,49149,1805,3.5,50079,46294,3785,7.6,105600,146.5892944,1,1,5016,3843,6189,5.2,Metro - Counties in metro areas of 1 million population or more,Large-in a metro area with at least 1 million residents or more,83130,41305,41825,37939,38427,1674,1537,174,182,810,1071,38,19,670,589,0.496872369,0.503127631,0.456381571,0.462251895,0.020137135,0.018489113,0.002093107,0.002189342,0.009743775,0.012883436,0.000457115,0.000228558,0.008059666,0.007085288,0.918756724,0.036748356,0.004351464,0.025606695,0.000454274,0.014082487,2018,1,0,2,0,30353,0,1195,221,29158,221,3.9,0.7,96.1,0.7,3.9,0.7,96.1,0.7
36081,NY,Queens County,1135501,1096976,38525,3.4,1098937,961214,137723,12.5,72975,101.300705,1,1,245941,223169,268713,11,Metro - Counties in metro areas of 1 million population or more,Large-in a metro area with at least 1 million residents or more,1873234,898806,974428,443153,453148,174482,213498,12549,11357,243975,269713,2029,2272,22618,24440,0.479815122,0.520184878,0.236571085,0.241906777,0.093144797,0.113972947,0.00669911,0.006062777,0.130242671,0.143982546,0.001083154,0.001212876,0.012074306,0.013046955,0.465040003,0.219100847,0.011655043,0.276791102,0.002331624,0.025081381,2018,1,0,2,0,739605,0,71444,5287,668161,5287,9.7,0.7,90.3,0.7,9.7,0.7,90.3,0.7
36083,NY,Rensselaer County,80862,77940,2922,3.6,80795,75155,5640,7,70688,98.12599182,2,2,17506,15035,19977,11.5,"Metro - Counties in metro areas of 250,000 to 1 million population",Small-in a metro area with fewer than 1 million residents,133409,65335,68074,57305,59808,4572,5054,235,208,1980,1754,38,29,1205,1221,0.489734576,0.510265424,0.429543734,0.448305587,0.034270551,0.037883501,0.0017615,0.001559115,0.014841577,0.013147539,0.000284838,0.000217377,0.009032374,0.009152306,0.878573317,0.074242736,0.003055498,0.025766078,0.000426007,0.017936363,2018,1,0,2,0,49292,0,1985,390,47307,390,4,0.8,96,0.8,4,0.8,96,0.8
36085,NY,Richmond County,223957,215509,8448,3.8,211064,188608,22456,10.6,86624,120.2476501,1,1,42807,35452,50162,9.1,Metro - Counties in metro areas of 1 million population or more,Large-in a metro area with at least 1 million residents or more,391031,187592,203439,142526,152672,19670,23437,1233,1209,20872,22570,217,189,3074,3362,0.479736901,0.520263099,0.364487726,0.390434518,0.050302917,0.059936424,0.003153203,0.003091826,0.053376842,0.057719209,0.000554943,0.000483338,0.007861269,0.008597784,0.750455911,0.115204066,0.005942813,0.110942346,0.000929025,0.016525838,2018,1,0,2,0,150187,0,7964,1277,142223,1277,5.3,0.9,94.7,0.9,5.3,0.9,94.7,0.9
36087,NY,Rockland County,155400,150107,5293,3.4,152903,140547,12356,8.1,99831,138.5810242,1,1,40031,35334,44728,12.5,Metro - Counties in metro areas of 1 million population or more,Large-in a metro area with at least 1 million residents or more,248605,120693,127912,93418,97506,16298,18228,783,627,7954,9214,160,154,2080,2183,0.485480984,0.514519016,0.37576879,0.392212546,0.065557813,0.073321132,0.003149575,0.002522073,0.031994529,0.03706281,0.000643591,0.000619457,0.008366686,0.008780998,0.762289699,0.142504222,0.004901807,0.072033898,0.001203953,0.017066421,2018,1,0,2,0,91006,0,4901,785,86105,785,5.4,0.9,94.6,0.9,5.4,0.9,94.6,0.9
36089,NY,St. Lawrence Count,42939,40645,2294,5.3,42854,39353,3501,8.2,51742,71.82598114,4,5,18348,16107,20589,18.9,"Nonmetro - Urban population of 20,000 or more, adjacent to a metro area",Micropolitan adjacent to a small metro area,89984,45829,44155,42190,42178,2085,466,474,452,479,540,49,17,552,502,0.509301654,0.490698346,0.468861131,0.468727774,0.023170786,0.005178698,0.005267603,0.005023115,0.005323169,0.006001067,0.000544541,0.000188922,0.006134424,0.00557877,0.955225909,0.010553731,0.010236666,0.012229646,0.000385007,0.011369041,2018,1,0,2,0,28785,0,1564,304,27221,304,5.4,1.1,94.6,1.1,5.4,1.1,94.6,1.1
36091,NY,Saratoga County,118996,115147,3849,3.2,119009,111029,7980,6.7,89071,123.6444626,2,2,13482,10862,16102,6,"Metro - Counties in metro areas of 250,000 to 1 million population",Small-in a metro area with fewer than 1 million residents,192923,94667,98256,88424,92192,1994,1713,243,227,2503,2772,38,34,1465,1318,0.490698362,0.509301638,0.458338301,0.477869409,0.01033573,0.00887919,0.00125957,0.001176635,0.012974088,0.014368427,0.00019697,0.000176236,0.007593703,0.006831741,0.938283667,0.01743405,0.002310291,0.028212018,0.000346035,0.013413939,2018,1,0,2,0,70051,0,2575,469,67476,469,3.7,0.7,96.3,0.7,3.7,0.7,96.3,0.7
36093,NY,Schenectady County,76131,73332,2799,3.7,76925,70723,6202,8.1,64960,90.17462921,2,2,18363,15546,21180,12.1,"Metro - Counties in metro areas of 250,000 to 1 million population",Small-in a metro area with fewer than 1 million residents,127549,61422,66127,48883,52837,7179,7593,465,485,3011,3250,132,142,1752,1820,0.481556108,0.518443892,0.383248791,0.414248642,0.056284252,0.059530063,0.003645658,0.00380246,0.023606614,0.025480404,0.001034896,0.001113298,0.013735898,0.014269026,0.799023092,0.114824504,0.007334372,0.049147852,0.002147383,0.027522797,2018,1,0,2,0,47477,0,2155,419,45322,419,4.5,0.9,95.5,0.9,4.5,0.9,95.5,0.9
36095,NY,Schoharie County,14611,13959,652,4.5,14440,13412,1028,7.1,58927,81.79988098,2,2,3600,2827,4373,12.1,"Metro - Counties in metro areas of 250,000 to 1 million population",Small-in a metro area with fewer than 1 million residents,26646,13248,13398,12680,12881,224,193,46,39,101,106,5,4,192,175,0.497185319,0.502814681,0.475868798,0.483412144,0.008406515,0.007243113,0.001726338,0.001463634,0.003790438,0.003978083,0.000187645,0.000150116,0.007205584,0.00656759,0.961412151,0.014405135,0.002910882,0.007911629,0.000298552,0.013061651,2018,1,0,2,0,8807,0,435,91,8372,91,4.9,1,95.1,1,4.9,1,95.1,1
36097,NY,Schuyler County,8041,7683,358,4.5,8008,7319,689,8.6,52215,72.48258209,6,7,2763,2329,3197,15.7,"Nonmetro - Urban population of 2,500 to 19,999, adjacent to a metro area","Noncore adjacent to a small metro and does not contain a town of at least 2,50",15077,7471,7606,7244,7355,80,72,28,24,33,66,4,1,82,88,0.495522982,0.504477018,0.480466936,0.487829144,0.005306095,0.004775486,0.001857133,0.001591829,0.002188764,0.004377529,0.000265305,6.63262E-05,0.005438748,0.005836705,0.966999737,0.009466211,0.003155404,0.00867736,0.000131475,0.011569813,2018,1,0,2,0,5319,0,272,61,5047,61,5.1,1.1,94.9,1.1,5.1,1.1,94.9,1.1
36099,NY,Seneca County,15901,15316,585,3.7,15214,13970,1244,8.2,51064,70.8848114,6,3,4302,3573,5031,13.7,"Nonmetro - Urban population of 2,500 to 19,999, adjacent to a metro area",Micropolitan adjacent to a large metro area,28461,14948,13513,13060,12962,1495,209,96,45,102,123,2,0,193,174,0.525209936,0.474790064,0.458873546,0.455430238,0.052528021,0.007343382,0.003373037,0.001581111,0.003583852,0.004321703,7.02716E-05,0,0.006781209,0.006113629,0.959224451,0.015466588,0.003330127,0.009102346,0,0.012876489,2018,1,0,2,0,9388,0,474,105,8914,105,5,1.1,95,1.1,5,1.1,95,1.1
36101,NY,Steuben County,42364,40505,1859,4.4,42022,38592,3430,8.2,53167,73.80410004,4,3,14089,12308,15870,15,"Nonmetro - Urban population of 20,000 or more, adjacent to a metro area",Micropolitan adjacent to a large metro area,78727,38996,39731,36929,38039,837,465,120,118,644,634,14,15,452,460,0.49533197,0.50466803,0.469076683,0.483176039,0.010631677,0.005906487,0.001524255,0.00149885,0.008180167,0.008053146,0.00017783,0.000190532,0.005741359,0.005842976,0.957413607,0.011703707,0.002969973,0.015957313,0.000377539,0.011577861,2018,1,0,2,0,27819,0,1293,247,26526,247,4.6,0.9,95.4,0.9,4.6,0.9,95.4,0.9
36103,NY,Suffolk County,776768,749233,27535,3.5,764564,699613,64951,8.5,105241,146.0909576,1,1,97920,84924,110916,6.8,Metro - Counties in metro areas of 1 million population or more,Large-in a metro area with at least 1 million residents or more,1226093,599271,626822,510459,531784,50054,54701,3900,3585,25289,26918,583,487,8986,9347,0.488764719,0.511235281,0.416329756,0.433722401,0.040823983,0.044614071,0.003180835,0.002923922,0.020625678,0.021954289,0.000475494,0.000397197,0.007328971,0.007623402,0.848381199,0.087267199,0.005719327,0.042943611,0.000776935,0.014911729,2018,1,0,2,0,454957,0,22476,2616,432481,2616,4.9,0.6,95.1,0.6,4.9,0.6,95.1,0.6
36105,NY,Sullivan County,36480,35097,1383,3.8,35758,32601,3157,8.8,58851,81.69438171,4,4,11745,9726,13764,16.1,"Nonmetro - Urban population of 20,000 or more, adjacent to a metro area",Noncore adjacent to a large metro area,62316,31952,30364,26806,26261,3574,2570,266,205,600,670,27,20,679,638,0.512741511,0.487258489,0.430162398,0.421416651,0.057352847,0.041241415,0.004268567,0.003289685,0.009628346,0.010751653,0.000433276,0.000320945,0.010896078,0.010238141,0.864872876,0.084639705,0.006751416,0.022065604,0.000658675,0.021011724,2018,1,0,2,0,21343,0,1298,256,20045,256,6.1,1.2,93.9,1.2,6.1,1.2,93.9,1.2
36107,NY,Tioga County,22591,21692,899,4,22142,20410,1732,7.8,60699,84.25969696,2,2,4485,3586,5384,9.4,"Metro - Counties in metro areas of 250,000 to 1 million population",Small-in a metro area with fewer than 1 million residents,40159,19798,20361,19105,19751,243,169,56,45,146,186,14,5,234,205,0.492990363,0.507009637,0.475733958,0.491820015,0.006050947,0.004208272,0.001394457,0.001120546,0.003635549,0.004631589,0.000348614,0.000124505,0.005826838,0.005104709,0.970040764,0.008300182,0.002210108,0.009135111,0.000245568,0.010068268,2018,1,0,2,0,14213,0,662,144,13551,144,4.7,1,95.3,1,4.7,1,95.3,1
36109,NY,Tompkins County,49122,47408,1714,3.5,47929,44967,2962,6.2,59176,82.1455307,3,2,15079,12864,17294,16.9,"Metro - Counties in metro areas of fewer than 250,000 population",Small-in a metro area with fewer than 1 million residents,89998,44008,45990,35600,37788,1943,1958,203,201,5037,4710,32,30,1193,1303,0.488988644,0.511011356,0.395564346,0.419875997,0.021589369,0.021756039,0.002255606,0.002233383,0.05596791,0.052334496,0.000355563,0.000333341,0.01325585,0.0144781,0.821656882,0.042574473,0.004370515,0.102413568,0.000652316,0.028332246,2018,1,0,2,0,30797,0,1415,328,29382,328,4.6,1.1,95.4,1.1,4.6,1.1,95.4,1.1
36111,NY,Ulster County,87506,84352,3154,3.6,86186,79285,6901,8,64090,88.9669342,3,2,20451,17356,23546,12,"Metro - Counties in metro areas of fewer than 250,000 population",Small-in a metro area with fewer than 1 million residents,152446,75259,77187,65576,69040,6355,4339,359,330,1435,1772,35,36,1499,1670,0.493676449,0.506323551,0.430158876,0.452881676,0.041686892,0.028462538,0.002354932,0.002164701,0.009413169,0.011623788,0.000229589,0.000236149,0.00983299,0.010954699,0.894451138,0.056214129,0.004275331,0.022957234,0.0004664,0.021635768,2018,1,0,2,0,53090,0,2993,546,50097,546,5.6,1,94.4,1,5.6,1,94.4,1
36113,NY,Warren County,31081,29714,1367,4.4,30901,28308,2593,8.4,63240,87.78700256,3,2,6399,5156,7642,10.1,"Metro - Counties in metro areas of fewer than 250,000 population",Small-in a metro area with fewer than 1 million residents,54549,26583,27966,25464,26958,454,290,89,72,207,297,7,8,362,341,0.487323324,0.512676676,0.466809657,0.494197877,0.008322792,0.005316321,0.001631561,0.001319914,0.003794753,0.005444646,0.000128325,0.000146657,0.006636235,0.00625126,0.963956233,0.010369735,0.002574555,0.010620039,0.000286062,0.012193378,2018,1,0,2,0,19353,0,917,193,18436,193,4.7,1,95.3,1,4.7,1,95.3,1
36115,NY,Washington County,27787,26703,1084,3.9,27302,25348,1954,7.2,56897,78.98192596,3,2,6917,5492,8342,11.9,"Metro - Counties in metro areas of fewer than 250,000 population",Small-in a metro area with fewer than 1 million residents,51911,26868,25043,24478,24351,1876,174,106,73,129,174,10,12,269,259,0.517578163,0.482421837,0.471537824,0.469091329,0.036138776,0.003351891,0.002041956,0.001406253,0.002485022,0.003351891,0.000192637,0.000231165,0.005181946,0.004989309,0.972367528,0.006948049,0.002914986,0.006948049,0.000479176,0.010342211,2018,1,0,2,0,17644,0,886,190,16758,190,5,1.1,95,1.1,5,1.1,95,1.1
36117,NY,Wayne County,43773,42087,1686,3.9,42921,39749,3172,7.4,61989,86.05041504,1,1,10093,8474,11712,11.4,Metro - Counties in metro areas of 1 million population or more,Large-in a metro area with at least 1 million residents or more,74144,36616,37528,34337,35600,1285,926,154,144,217,300,23,18,600,540,0.493849806,0.506150194,0.463112322,0.480146741,0.017331139,0.01248921,0.002077039,0.001942167,0.002926737,0.00404618,0.000310207,0.000242771,0.008092361,0.007283125,0.948625027,0.024674909,0.003837135,0.007994031,0.000479642,0.014389256,2018,1,0,2,0,26891,0,1234,251,25657,251,4.6,0.9,95.4,0.9,4.6,0.9,95.4,0.9
36119,NY,Westchester County,484675,467237,17438,3.6,477959,437772,40187,8.4,101741,141.2324066,1,1,79545,69218,89872,8.4,Metro - Counties in metro areas of 1 million population or more,Large-in a metro area with at least 1 million residents or more,796236,380650,415586,284771,302551,60444,72277,4205,3439,23274,28490,520,500,7436,8329,0.478061781,0.521938219,0.357646477,0.37997654,0.075912167,0.090773339,0.005281098,0.004319071,0.029230027,0.035780849,0.000653073,0.000627955,0.00933894,0.010460466,0.728010568,0.173915868,0.008275062,0.068553801,0.00120312,0.02004158,2018,1,0,2,0,295157,0,16771,2150,278386,2150,5.7,0.7,94.3,0.7,5.7,0.7,94.3,0.7
36121,NY,Wyoming County,18044,17284,760,4.2,17793,16457,1336,7.5,58214,80.81012726,6,4,3598,2837,4359,9.9,"Nonmetro - Urban population of 2,500 to 19,999, adjacent to a metro area",Noncore adjacent to a large metro area,33834,18549,15285,16072,14929,2118,65,105,53,84,93,4,9,166,136,0.548235503,0.451764497,0.475025123,0.441242537,0.062599752,0.001921144,0.003103387,0.001566472,0.00248271,0.002748714,0.000118224,0.000266005,0.004906307,0.004019625,0.976709192,0.004252535,0.003467452,0.006084396,0.000588813,0.008897612,2018,1,0,2,0,10925,0,446,93,10479,93,4.1,0.9,95.9,0.9,4.1,0.9,95.9,0.9
36123,NY,Yates County,11892,11467,425,3.6,11546,10794,752,6.5,60612,84.13892365,1,1,3271,2563,3979,13.9,Metro - Counties in metro areas of 1 million population or more,Large-in a metro area with at least 1 million residents or more,20374,9827,10547,9536,10223,118,75,30,31,48,129,2,3,93,86,0.482330421,0.517669579,0.468047512,0.501766958,0.005791695,0.003681162,0.001472465,0.001521547,0.002355944,0.006331599,9.81643E-05,0.000147246,0.004564641,0.004221066,0.969280364,0.007111027,0.002939224,0.012230966,0.000284441,0.008153977,2018,1,0,2,0,6769,0,506,109,6263,109,7.5,1.6,92.5,1.6,7.5,1.6,92.5,1.6