"","FIPS","CENSUS_F_WA","CENSUS_F_BA","CENSUS_F_IA","CENSUS_F_AA","CENSUS_F_NA","CENSUS_F_TOM","CENSUS_M_WA","CENSUS_M_BA","CENSUS_M_IA","CENSUS_M_AA","CENSUS_M_NA","CENSUS_M_TOM","Female_AA","Female_BA","Female_IA","Female_NA","Female_TOM","Female_WA","Male_AA","Male_BA","Male_IA","Male_NA","Male_TOM","Male_WA","DIFF_F_WA","DIFF_F_BA","DIFF_F_IA","DIFF_F_AA","DIFF_F_NA","DIFF_F_TOM","DIFF_M_WA","DIFF_M_BA","DIFF_M_IA","DIFF_M_AA","DIFF_M_NA","DIFF_M_TOM"
"1",36001,0.404073675978256,0.0703627937080314,0.00160265671170286,0.0343222803955788,0.000312055753961374,0.0109065412279587,0.373542295112282,0.0614711309902184,0.00134453652015456,0.0314675481278581,0.000300498133444286,0.010293987340553,0.0126686217008798,0.102873900293255,0,0,0.0308504398826979,0.383929618768328,0.0205278592375367,0.076950146627566,0,0,0.0309677419354839,0.341231671554252,-0.0201440572099278,0.0325111065852237,-0.00160265671170286,-0.0216536586946991,-0.000312055753961374,0.0199438986547393,-0.03231062355803,0.0154790156373476,-0.00134453652015456,-0.0109396888903214,-0.000300498133444286,0.0206737545949309
"2",36003,0.473680112132067,0.00573638581737009,0.00155738981467061,0.0072937756320407,0.000337434459845299,0.00480195192856772,0.483335928983024,0.00947412137257956,0.00163525930540414,0.00612573327103774,0.000129782484555884,0.00589212479883715,0,0,0,0,0,0.506569343065693,0,0,0,0,0,0.493430656934307,0.0328892309336268,-0.00573638581737009,-0.00155738981467061,-0.0072937756320407,-0.000337434459845299,-0.00480195192856772,0.0100947279512821,-0.00947412137257956,-0.00163525930540414,-0.00612573327103774,-0.000129782484555884,-0.00589212479883715
"3",36005,0.238036434837148,0.238490404450501,0.0158569542636719,0.0246236316502995,0.00225918733220448,0.0185887674947096,0.2093865991013,0.198850239777688,0.0143306924324776,0.0225794357983913,0.0019509144245069,0.0150467384371008,0.0326483524406951,0.357358136851972,0.0101665585117889,0,0,0.154546110029562,0.0326050904895811,0.271699473646261,0.00961857379767828,0.000187468454827313,0,0.131170235777634,-0.0834903248075861,0.118867732401471,-0.00569039575188307,0.0080247207903956,-0.00225918733220448,-0.0185887674947096,-0.0782163633236665,0.0728492338685733,-0.0047121186347993,0.0100256546911898,-0.00176344596967958,-0.0150467384371008
"4",36007,0.447626779915064,0.0290407194604047,0.00135523357481889,0.0235448413689733,0.000331001748688484,0.0105795653260055,0.423982013489883,0.028865850612041,0.00124281788658506,0.0229328003997002,0.000262303272545591,0.010236072945291,0.010275038920602,0.0270887389724961,0,0,0.0101712506486767,0.501089776855215,0.00913336792942398,0.0207576543850545,0,0,0.00923715620134925,0.412247016087182,0.0534629969401517,-0.00195198048790859,-0.00135523357481889,-0.0132698024483713,-0.000331001748688484,-0.000408314677328797,-0.0117349974027004,-0.00810819622698648,-0.00124281788658506,-0.0137994324702762,-0.000262303272545591,-0.000998916743941784
"5",36009,0.471537427162707,0.00534673752961516,0.0166485240443107,0.00430620477684574,0.000176090158160978,0.00739578664276109,0.460299673432798,0.00859640135749504,0.0146635077159506,0.00377793430236281,0.0000640327847858103,0.00718768009220721,0,0,0,0,0.0236416424720033,0.539610120282041,0,0,0,0,0.0049771878888428,0.431771049357113,0.0680726931193334,-0.00534673752961516,-0.0166485240443107,-0.00430620477684574,-0.000176090158160978,0.0162458558292422,-0.0285286240756844,-0.00859640135749504,-0.0146635077159506,-0.00377793430236281,-0.0000640327847858103,-0.00221049220336441
"6",36011,0.465311004784689,0.00950723917231094,0.00166221338470142,0.00393028024606972,0.000233020567948798,0.00722363760641273,0.462048716833406,0.0363822780090723,0.00304480208786429,0.00274964270179581,0.000466041135897595,0.0074411234698316,0,0,0,0,0,0.514477766287487,0,0.0062047569803516,0,0,0,0.479317476732161,0.0491667615027981,-0.00950723917231094,-0.00166221338470142,-0.00393028024606972,-0.000233020567948798,-0.00722363760641273,0.0172687598987555,-0.0301775210287207,-0.00304480208786429,-0.00274964270179581,-0.000466041135897595,-0.0074411234698316
"7",36013,0.483772215765753,0.0108846622636696,0.00325028109262356,0.00407229985732778,0.000226763797159783,0.00745485983162788,0.459130549807723,0.0166293451250508,0.00331642053346183,0.00318414165178529,0.000321248712643027,0.00775721156117426,0,0,0,0,0.0293937538273117,0.481322718922229,0,0,0,0,0.035517452541335,0.453766074709124,-0.00244949684352397,-0.0108846622636696,-0.00325028109262356,-0.00407229985732778,-0.000226763797159783,0.0219388939956838,-0.00536447509859889,-0.0166293451250508,-0.00331642053346183,-0.00318414165178529,-0.000321248712643027,0.0277602409801607
"8",36015,0.465111550081339,0.0219033232628399,0.00165582151986986,0.007727167092726,0.000203346502440158,0.0107047408784569,0.430455496165466,0.0425284685103416,0.00200441552405299,0.00707355333488264,0.000174297002091564,0.0104578201254938,0,0,0,0,0,0.546242774566474,0,0,0,0,0,0.453757225433526,0.0811312244851354,-0.0219033232628399,-0.00165582151986986,-0.007727167092726,-0.000203346502440158,-0.0107047408784569,0.0233017292680601,-0.0425284685103416,-0.00200441552405299,-0.00707355333488264,-0.000174297002091564,-0.0104578201254938
"9",36017,0.487153344208809,0.00389987765089723,0.00193719412724307,0.00295676998368679,0.000101957585644372,0.00489396411092985,0.481316272430669,0.0061684339314845,0.00224306688417618,0.00285481239804241,0.000101957585644372,0.00637234910277325,0,0,0,0,0.0542133176193282,0.501473187978786,0,0,0,0,0.0388921626399529,0.405421331761933,0.0143198437699769,-0.00389987765089723,-0.00193719412724307,-0.00295676998368679,-0.000101957585644372,0.0493193535083984,-0.075894940668736,-0.0061684339314845,-0.00224306688417618,-0.00285481239804241,-0.000101957585644372,0.0325198135371796
"10",36019,0.45924520037959,0.00859916782246879,0.00191254836119425,0.00929994890137966,0.000248193298780933,0.00607343601722754,0.45993138185269,0.0403095116431856,0.00246733338199869,0.00607343601722754,0.000218994087159647,0.0056208482370976,0,0,0,0,0.0185094982951778,0.484656600097418,0,0,0,0,0.0180224062347784,0.478811495372625,0.0254113997178286,-0.00859916782246879,-0.00191254836119425,-0.00929994890137966,-0.000248193298780933,0.0124360622779503,0.0188801135199354,-0.0403095116431856,-0.00246733338199869,-0.00607343601722754,-0.000218994087159647,0.0124015579976808
"11",36021,0.46228322575628,0.0212885916478731,0.00134147289835913,0.0107123415506649,0.000213857998289136,0.00800995411773855,0.448460222412318,0.0292207792207792,0.00167198071389688,0.00837934520569251,0.000447157632786375,0.00797107084532234,0,0,0,0,0,0.557575757575758,0,0,0,0,0,0.442424242424242,0.0952925318194779,-0.0212885916478731,-0.00134147289835913,-0.0107123415506649,-0.000213857998289136,-0.00800995411773855,-0.00603597998807576,-0.0292207792207792,-0.00167198071389688,-0.00837934520569251,-0.000447157632786375,-0.00797107084532234
"12",36023,0.4913973668462,0.00850289247955316,0.00204468382206264,0.00628366247755835,0.000149611011370437,0.00715639337721923,0.458832036704568,0.0119688809096349,0.00194494314781568,0.00408936764412527,0.000149611011370437,0.00748055056852184,0,0,0,0,0,0.554375316135559,0,0,0,0,0,0.445624683864441,0.062977949289359,-0.00850289247955316,-0.00204468382206264,-0.00628366247755835,-0.000149611011370437,-0.00715639337721923,-0.013207352840127,-0.0119688809096349,-0.00194494314781568,-0.00408936764412527,-0.000149611011370437,-0.00748055056852184
"13",36025,0.472498498968857,0.00764873260761741,0.00177513248231394,0.00610854413031561,0.000313258673349518,0.00519487299971285,0.479807868013679,0.0139400109640536,0.0019317618189887,0.00488161432636333,0.000287153783903725,0.00561255123084554,0,0,0,0,0.0746934225195095,0.433667781493868,0,0,0,0,0.0267558528428094,0.464882943143813,-0.0388307174749884,-0.00764873260761741,-0.00177513248231394,-0.00610854413031561,-0.000313258673349518,0.0694985495197966,-0.0149249248698662,-0.0139400109640536,-0.0019317618189887,-0.00488161432636333,-0.000287153783903725,0.0211433016119638
"14",36027,0.417655166903054,0.0553666673325476,0.00219341177410655,0.0198645598194131,0.000423500269681775,0.0101640064723626,0.402732775325116,0.0616073033820092,0.00227331748536727,0.0175592800495415,0.000423500269681775,0.0097365109171178,0,0.0614813286569012,0,0,0.0587992572725397,0.393439240767485,0.00381679389312977,0.0507530431194553,0,0,0.063338147307613,0.368372188982876,-0.0242159261355693,0.00611466132435358,-0.00219341177410655,-0.0198645598194131,-0.000423500269681775,0.0486352508001771,-0.0343605863422404,-0.0108542602625539,-0.00227331748536727,-0.0137424861564118,-0.000423500269681775,0.0536016363904952
"15",36029,0.419374790407207,0.0715323076280685,0.00363663884274767,0.0186777353409006,0.000213996688270763,0.0077351973662749,0.391722242737487,0.0591857426011297,0.00324257177044419,0.0175268507125176,0.000193118962585811,0.00695880694236573,0.011760372543345,0.0940303612302349,0.000868215422663054,0,0.0544344760451472,0.363808571654082,0.0141808519034965,0.0708253308426952,0.000289405140887685,0,0.0491725643926438,0.340629850824805,-0.0555662187531251,0.0224980536021664,-0.00276842342008461,-0.00691736279755564,-0.000213996688270763,0.0466992786788723,-0.0510923919126828,0.0116395882415654,-0.0029531666295565,-0.00334599880902109,-0.000193118962585811,0.0422137574502781
"16",36031,0.467887910925886,0.00261250894162287,0.00167947003390041,0.00432308027244736,0.000248810375392654,0.00506951139862532,0.476782881846173,0.0276801542624327,0.00385656081858613,0.00370105433396573,0.000311012969240817,0.00584704382172737,0,0,0,0,0,0.526627218934911,0,0,0,0,0,0.473372781065089,0.0587393080090257,-0.00261250894162287,-0.00167947003390041,-0.00432308027244736,-0.000248810375392654,-0.00506951139862532,-0.00341010078108428,-0.0276801542624327,-0.00385656081858613,-0.00370105433396573,-0.000311012969240817,-0.00584704382172737
"17",36033,0.397243018419489,0.00228163992869875,0.0359120617944147,0.00235294117647059,0.000142602495543672,0.00520499108734403,0.440665478312537,0.0727272727272727,0.0356268568033274,0.00244800950683304,0.000095068330362448,0.00530005941770648,0,0,0,0,0,0.493123772102161,0,0,0,0,0,0.506876227897839,0.0958807536826721,-0.00228163992869875,-0.0359120617944147,-0.00235294117647059,-0.000142602495543672,-0.00520499108734403,0.0662107495853018,-0.0727272727272727,-0.0356268568033274,-0.00244800950683304,-0.000095068330362448,-0.00530005941770648
"18",36035,0.487776954677083,0.00727321705165331,0.00134689204660246,0.00415291714369093,0.000157137405436954,0.00552225739107011,0.467753159584259,0.0149505017172874,0.0017285114598065,0.00307540350640896,0.000179585606213662,0.0060834624104878,0,0,0,0,0,0.494965553789083,0,0.00582935877053524,0,0,0,0.499205087440382,0.00718859911200054,-0.00727321705165331,-0.00134689204660246,-0.00415291714369093,-0.000157137405436954,-0.00552225739107011,0.0314519278561222,-0.00912114294675212,-0.0017285114598065,-0.00307540350640896,-0.000179585606213662,-0.0060834624104878
"19",36037,0.474256616583894,0.0115462794157708,0.00563693133002242,0.00360428322960541,0.000125730810335073,0.00712474591898745,0.461704490685442,0.0200540642484441,0.00555311078979904,0.0034575972842145,0.0000838205402233817,0.00685232916326146,0,0,0,0,0,0.506644518272425,0,0.00456810631229236,0,0,0,0.488787375415282,0.0323879016885314,-0.0115462794157708,-0.00563693133002242,-0.00360428322960541,-0.000125730810335073,-0.00712474591898745,0.0270828847298399,-0.0154859579361517,-0.00555311078979904,-0.0034575972842145,-0.0000838205402233817,-0.00685232916326146
"20",36039,0.44842228567245,0.012616833833614,0.00224516192010152,0.00605217561070845,0.000219635405227323,0.00776045098469873,0.453620323596164,0.051638724162335,0.00231837372184396,0.00683310149596115,0.000268443273055617,0.0080044903238402,0,0,0,0,0,0.541254125412541,0,0,0,0,0,0.458745874587459,0.0928318397400908,-0.012616833833614,-0.00224516192010152,-0.00605217561070845,-0.000219635405227323,-0.00776045098469873,0.00512555099129502,-0.051638724162335,-0.00231837372184396,-0.00683310149596115,-0.000268443273055617,-0.0080044903238402
"21",36041,0.482907065079767,0.00405165864775893,0.0015193719929096,0.00506457330969866,0.000253228665484933,0.00658394530260826,0.482653836414282,0.00683717396809319,0.0022790579893644,0.0022790579893644,0.000506457330969866,0.00506457330969866,NA,NA,NA,NA,NA,NA,NA,NA,NA,NA,NA,NA,NA,NA,NA,NA,NA,NA,NA,NA,NA,NA,NA,NA
"22",36043,0.491078066914498,0.00626100567403639,0.00166307963216592,0.00352181569164547,0.0000978282136568186,0.00508706711015457,0.47546468401487,0.00772842887888867,0.00150655449031501,0.00240657405595774,0.000176090784582274,0.00500880453922911,0,0,0,0,0.0425458318920789,0.503286060186787,0,0,0,0,0.0394327222414389,0.414735385679696,0.0122079932722884,-0.00626100567403639,-0.00166307963216592,-0.00352181569164547,-0.0000978282136568186,0.0374587647819243,-0.0607292983351743,-0.00772842887888867,-0.00150655449031501,-0.00240657405595774,-0.000176090784582274,0.0344239177022098
"23",36045,0.427937178060505,0.0221414067250221,0.00300572464350041,0.00836325673706793,0.00149139009028646,0.00917778517099361,0.457030757052554,0.0451432308098248,0.00377436415157112,0.00932692418002226,0.0015028623217502,0.0111051200569023,0,0,0,0,0.00642898889538282,0.527177089421391,0,0,0,0,0,0.466393921683226,0.0992399113608864,-0.0221414067250221,-0.00300572464350041,-0.00836325673706793,-0.00149139009028646,-0.00274879627561079,0.00936316463067188,-0.0451432308098248,-0.00377436415157112,-0.00932692418002226,-0.0015028623217502,-0.0111051200569023
"24",36047,0.254280879962964,0.195647836605979,0.00468330204997976,0.0684093334805491,0.000547700818790932,0.0121801688719978,0.239538962787337,0.148172684111737,0.00464068695532582,0.0612190047825759,0.000580630664659883,0.0100988089081044,0.0627021085818413,0.197176987822868,0.00362132299771498,0.000381800827235126,0.0434443062505423,0.236363636363636,0.0568362595088653,0.142596824111301,0.00381222341133254,0,0.0406328637954473,0.212431666329216,-0.0179172435993273,0.00152915121688865,-0.00106197905226478,-0.0057072248987078,-0.000165899991555807,0.0312641373785445,-0.0271072964581207,-0.00557586000043606,-0.000828463543993279,-0.00438274527371055,-0.000580630664659883,0.0305340548873429
"25",36049,0.483820974029024,0.00281782745503217,0.00140891372751609,0.00239515333677734,0.000422674118254826,0.00464941530080308,0.491616963321279,0.00399192222796224,0.00183158784577091,0.00183158784577091,0.000563565491006434,0.00464941530080308,0,0,0,0,0,0.506988564167726,0,0,0,0,0,0.493011435832274,0.0231675901387019,-0.00281782745503217,-0.00140891372751609,-0.00239515333677734,-0.000422674118254826,-0.00464941530080308,0.00139447251099517,-0.00399192222796224,-0.00183158784577091,-0.00183158784577091,-0.000563565491006434,-0.00464941530080308
"26",36051,0.475746337845355,0.0068607454107176,0.00168737251993325,0.0080845540515483,0.000185425551641016,0.00669386241424068,0.460189134062674,0.0247913962544039,0.00298535138142036,0.00634155386612275,0.000333765992953829,0.00610050064898943,0,0,0,0,0,0.544726301735648,0,0,0,0,0,0.455273698264352,0.0689799638902924,-0.0068607454107176,-0.00168737251993325,-0.0080845540515483,-0.000185425551641016,-0.00669386241424068,-0.00491543579832132,-0.0247913962544039,-0.00298535138142036,-0.00634155386612275,-0.000333765992953829,-0.00610050064898943
"27",36053,0.485119791927175,0.0101868987478951,0.00388469297587489,0.00568532319645209,0.000133380016339052,0.0059520832291302,0.464162456859901,0.0113539738908618,0.00308441287784058,0.0042348155187649,0.00021674252655096,0.00598542823321496,0,0,0,0,0,0.541078838174274,0,0.00912863070539419,0,0,0,0.449792531120332,0.0559590462470993,-0.0101868987478951,-0.00388469297587489,-0.00568532319645209,-0.000133380016339052,-0.0059520832291302,-0.014369925739569,-0.00222534318546761,-0.00308441287784058,-0.0042348155187649,-0.00021674252655096,-0.00598542823321496
"28",36055,0.409105820449526,0.0825516434974665,0.00219241262829674,0.0190967259971417,0.000336169936338833,0.0102280109133429,0.380146485643757,0.0678267506820839,0.00186923476679226,0.0172794595296869,0.000302065739898662,0.00906522021566844,0.00982241442767759,0.132844129554656,0,0,0.0737256164887744,0.326463010673537,0.00680898049319102,0.0955097534044902,0,0,0.0566571586308428,0.298168936326831,-0.0826428097759888,0.0502924860571893,-0.00219241262829674,-0.00927431156946416,-0.000336169936338833,0.0634976055754315,-0.0819775493169262,0.0276830027224063,-0.00186923476679226,-0.0104704790364959,-0.000302065739898662,0.0475919384151744
"29",36057,0.480433202135927,0.0135877058838276,0.00325904384667452,0.00544009626714132,0.000501391361026849,0.00769635739176214,0.458121286570232,0.0164205670736293,0.00268244378149365,0.0038356439118554,0.000852365313745644,0.00716989646268395,0,0,0,0,0.0458199356913183,0.504019292604502,0,0,0,0,0.0442122186495177,0.405948553054662,0.0235860904685744,-0.0135877058838276,-0.00325904384667452,-0.00544009626714132,-0.000501391361026849,0.0381235782995562,-0.05217273351557,-0.0164205670736293,-0.00268244378149365,-0.0038356439118554,-0.000852365313745644,0.0370423221868337
"30",36059,0.380662802671663,0.0702911583403653,0.00253060684506357,0.0556974856619803,0.000463035798566913,0.00808346086185443,0.360119388149144,0.0605039402737453,0.00283095439007995,0.0510698093508202,0.000453202992033639,0.00729415466468342,0.029292400340381,0.0696144530994305,0.0158898998494469,0,0.0974667801269883,0.300418930418276,0.03109249198141,0.0532499836355305,0.0185900373109904,0,0.0885317797996989,0.295853243437848,-0.0802438722533871,-0.000676705240934772,0.0133592930043833,-0.0264050853215993,-0.000463035798566913,0.0893833192651338,-0.0642661447112963,-0.00725395663821479,0.0157590829209104,-0.0199773173694103,-0.000453202992033639,0.0812376251350155
"31",36061,0.339580858295813,0.0937513329366281,0.0059484809941592,0.0748451346152367,0.000941883613392788,0.0157316240045367,0.313912257283166,0.0787944728843105,0.00552823448217029,0.0574751785348431,0.000820214906094833,0.0126703274496491,0.0514226737361881,0.10432266159388,0.00307605132148784,0,0.129012020884769,0.232332942081192,0.0439146800501882,0.0889626421661877,0.00369328530376007,0,0.115908446998826,0.22735459586352,-0.107247916214621,0.0105713286572522,-0.00287242967267137,-0.0234224608790486,-0.000941883613392788,0.113280396880233,-0.0865576614196453,0.0101681692818772,-0.00183494917841022,-0.0135604984846548,-0.000820214906094833,0.103238119549177
"32",36063,0.459341488079255,0.0352451851386326,0.0056504276385326,0.00629031428718341,0.00025138404054139,0.008912706891922,0.432517668298758,0.0329655889528141,0.00509052682096314,0.00483342950677309,0.00025138404054139,0.00864989630408328,0,0.0323653575540489,0,0,0.0170141998209032,0.479979531789689,0,0.0244339260585903,0,0,0.00767557886657285,0.438531405910196,0.0206380437104347,-0.00287982758458372,-0.0056504276385326,-0.00629031428718341,-0.00025138404054139,0.00810149292898116,0.00601373761143725,-0.00853166289422382,-0.00509052682096314,-0.00483342950677309,-0.00025138404054139,-0.000974317437510423
"33",36065,0.448684930197486,0.0270288927712315,0.00164616046347382,0.0193078691780349,0.000297370922433981,0.0080714964660652,0.429371750824408,0.0390246233744165,0.00182139689990813,0.0170457260895193,0.000323921897651301,0.00737586091537142,0.00680879562451166,0.0175242772630874,0,0,0.0222123004799643,0.457640361647505,0.0113851992409867,0.0198682888715258,0,0,0.0228820180823753,0.441678758790044,0.00895543145001915,-0.00950461550814409,-0.00164616046347382,-0.0124990735535232,-0.000297370922433981,0.0141408040138991,0.0123070079656358,-0.0191563345028907,-0.00182139689990813,-0.00566052684853255,-0.000323921897651301,0.0155061571670038
"34",36067,0.428853754940711,0.058663064502565,0.00465951139517282,0.0198075224960054,0.00024703557312253,0.0115108064923051,0.394071671852662,0.0498328567824405,0.00421274493314271,0.0174580565133294,0.00024703557312253,0.0104359389454209,0.00585456722772936,0.0898143836072118,0,0,0.0554853303173442,0.390858891623977,0.00498968797817843,0.0666622313884638,0.000798350076508549,0,0.0455724835340297,0.339964074246557,-0.0379948633167344,0.0311513191046468,-0.00465951139517282,-0.013952955268276,-0.00024703557312253,0.0439745238250391,-0.0541075976061046,0.0168293746060233,-0.00341439485663416,-0.012468368535151,-0.00024703557312253,0.0351365445886088
"35",36069,0.486070532523813,0.0121102192872892,0.00179209523085445,0.00770057890106548,0.000238946030780593,0.0068968513429853,0.456104528027283,0.0134787283726689,0.00192242942946205,0.00600623431916673,0.000260668397215193,0.00741818813741569,0,0,0,0,0,0.531803097345133,0,0,0,0,0.00331858407079646,0.464878318584071,0.0457325648213196,-0.0121102192872892,-0.00179209523085445,-0.00770057890106548,-0.000238946030780593,-0.0068968513429853,0.00877379055678751,-0.0134787283726689,-0.00192242942946205,-0.00600623431916673,-0.000260668397215193,-0.00409960406661923
"36",36071,0.403287718052872,0.0656327641282486,0.00414744120624154,0.0160475082488728,0.000552115786567812,0.0119395038845289,0.399892863246178,0.0669111750864324,0.00440378067857659,0.0147362332557742,0.000568547804025187,0.0118803486216824,0.00580706781279847,0.079694364851958,0,0,0.0110028653295129,0.386284622731614,0.00385864374403056,0.067163323782235,0,0,0.0970391595033429,0.349149952244508,-0.0170030953212575,0.0140616007237094,-0.00414744120624154,-0.0102404404360743,-0.000552115786567812,-0.000936638555016033,-0.0507429110016698,0.000252148695802548,-0.00440378067857659,-0.0108775895117436,-0.000568547804025187,0.0851588108816605
"37",36073,0.45911358966833,0.0305840915761667,0.00369826827120634,0.00302318755503375,0.000264162019371881,0.00710302318755503,0.44414440857059,0.0370120340475492,0.00416788963897857,0.00284707954211917,0.00038156736131494,0.00766069856178456,0,0,0,0,0.00801749271137026,0.544460641399417,0,0,0,0,0,0.447521865889213,0.0853470517310869,-0.0305840915761667,-0.00369826827120634,-0.00302318755503375,-0.000264162019371881,0.000914469523815228,0.00337745731862288,-0.0370120340475492,-0.00416788963897857,-0.00284707954211917,-0.00038156736131494,-0.00766069856178456
"38",36075,0.48411667697382,0.00486497629354772,0.0025870954442383,0.00435992578849722,0.000195835910121624,0.0056895485466914,0.480024737167594,0.00683364254792826,0.00237064522778809,0.00274170274170274,0.000175221603793032,0.00603999175427747,0,0,0,0,0.0128205128205128,0.543223443223443,0,0,0,0,0.0043956043956044,0.43956043956044,0.0591067662496234,-0.00486497629354772,-0.0025870954442383,-0.00435992578849722,-0.000195835910121624,0.00713096427382142,-0.0404642976071548,-0.00683364254792826,-0.00237064522778809,-0.00274170274170274,-0.000175221603793032,-0.00164438735867307
"39",36077,0.492518030005014,0.0114929229819893,0.00117628909714991,0.00861969223649196,0.000366385128620464,0.0064985151760577,0.451482895599522,0.0128427629295384,0.00152339079794824,0.00599714605268232,0.000192834278221297,0.00728913571676501,0,0,0,0,0.0975130890052356,0.488874345549738,0,0,0,0,0.0634816753926702,0.350130890052356,-0.00364368445527546,-0.0114929229819893,-0.00117628909714991,-0.00861969223649196,-0.000366385128620464,0.0910145738291779,-0.101352005547166,-0.0128427629295384,-0.00152339079794824,-0.00599714605268232,-0.000192834278221297,0.0561925396759052
"40",36079,0.46225189462288,0.0184891134367858,0.0021893419944665,0.0128834355828221,0.000228557680741008,0.00708528810297125,0.456381571033321,0.0201371346084446,0.00209310718152292,0.00974377481053771,0.000457115361482016,0.00805966558402502,0,0,0,0,0.0353733857383492,0.462099943851769,0,0,0,0,0.0384615384615385,0.464065131948344,-0.000151950771111131,-0.0184891134367858,-0.0021893419944665,-0.0128834355828221,-0.000228557680741008,0.028288097635378,0.00768356091502231,-0.0201371346084446,-0.00209310718152292,-0.00974377481053771,-0.000457115361482016,0.0304018728775134
"41",36081,0.241906777263278,0.113972947319982,0.00606277699422496,0.143982545693704,0.00121287570052647,0.0130469551588323,0.236571085086006,0.0931447966458008,0.00669910966809272,0.13024267123061,0.00108315351952826,0.0120743057194136,0.140295462771033,0.122297897542197,0.00571184154246043,0.000467212845063008,0.0667258908301254,0.184970223406705,0.134267759023459,0.0970025992827296,0.00576448524331261,0.000421149606817359,0.0672194255256145,0.174856052380482,-0.0569365538565729,0.00832495022221477,-0.000350935451764526,-0.00368708292267125,-0.000745662855463461,0.0536789356712931,-0.061715032705524,0.00385780263692878,-0.000934624424780116,0.00402508779284963,-0.0006620039127109,0.0551451198062009
"42",36083,0.448305586579616,0.0378835011131183,0.0015591152021228,0.013147538771747,0.000217376638757505,0.00915230606630737,0.429543733930994,0.0342705514620453,0.0017615003485522,0.0148415774048228,0.000284838354233972,0.00903237412768254,0.00343087790110999,0.0496468213925328,0,0,0.0185671039354188,0.470030272452069,0,0.0256306760847629,0,0,0.0183652875882947,0.414328960645812,0.0217246858724526,0.0117633202794145,-0.0015591152021228,-0.00971666087063704,-0.000217376638757505,0.0094147978691114,-0.0152147732851818,-0.00863987537728242,-0.0017615003485522,-0.0148415774048228,-0.000284838354233972,0.00933291346061211
"43",36085,0.390434517979393,0.0599364244778547,0.00309182647923055,0.0577192089629722,0.000483337638192368,0.00859778380742192,0.364487726037066,0.0503029171600206,0.00315320268725497,0.053376842245244,0.000554943214220867,0.00786126931112878,0.0290711604504433,0.0543486941937545,0.00311476719111892,0,0.0280728376327769,0.40503953358358,0.0271943135532306,0.0446250299496845,0.00315470010382557,0,0.0281327370018369,0.377246226339749,0.0146050156041866,-0.0055877302841002,0.0000229407118883733,-0.028648048512529,-0.000483337638192368,0.019475053825355,0.0127585003026831,-0.00567788721033603,0.00000149741657059837,-0.0261825286920134,-0.000554943214220867,0.0202714676907081
"44",36087,0.392212546006718,0.0733211319160918,0.002522073168279,0.0370628104824923,0.000619456567647473,0.00878099796866515,0.375768789847348,0.0655578125942761,0.0031495746264154,0.0319945294744675,0.000643591239114258,0.00836668610848535,0.0159704051249662,0.0572047279617432,0,0,0.132094198321754,0.333303257240819,0.0164215465126771,0.0555806189659839,0.00586483804024181,0,0.0195795362266534,0.363980871605161,-0.0589092887658982,-0.0161164039543486,-0.002522073168279,-0.0210924053575261,-0.000619456567647473,0.123313200353089,-0.0117879182421871,-0.00997719362829213,0.00271526341382641,-0.0155729829617905,-0.000643591239114258,0.0112128501181681
"45",36089,0.468727773826458,0.00517869843527738,0.00502311522048364,0.00600106685633001,0.000188922475106686,0.00557876955903272,0.46886113086771,0.0231707859174964,0.00526760312944523,0.00532316856330014,0.000544541251778094,0.00613442389758179,0,0,0,0,0.00699545295557887,0.492479888072753,0,0.0115424973767051,0,0,0.0118922700244841,0.477089891570479,0.0237521142462947,-0.00517869843527738,-0.00502311522048364,-0.00600106685633001,-0.000188922475106686,0.00141668339654616,0.0082287607027694,-0.0116282885407913,-0.00526760312944523,-0.00532316856330014,-0.000544541251778094,0.00575784612690229
"46",36091,0.477869409038839,0.00887919014321776,0.00117663523789284,0.0143684267816694,0.000176236114926681,0.00683174116098132,0.458338300772847,0.0103357297989353,0.00125956988021128,0.0129740881076906,0.00019696977550629,0.00759370318728197,0,0,0,0,0.00602828657546951,0.491537213076745,0,0,0,0,0.0102017157431022,0.492232784604684,0.0136678040379054,-0.00887919014321776,-0.00117663523789284,-0.0143684267816694,-0.000176236114926681,-0.000803454585511814,0.0338944838318363,-0.0103357297989353,-0.00125956988021128,-0.0129740881076906,-0.00019696977550629,0.00260801255582028
"47",36093,0.414248641698485,0.0595300629561972,0.00380246023097006,0.0254804036095932,0.00111329763463453,0.0142690260213722,0.383248790660844,0.0562842515425444,0.00364565774721872,0.0236066139287646,0.00103489639275886,0.0137358975766176,0.0126422250316056,0.0490939738727349,0,0,0.0615254951538137,0.407922461019806,0.00884955752212389,0.04551201011378,0,0,0.0480404551201011,0.366413822166035,-0.00632618067867835,-0.0104360890834623,-0.00380246023097006,-0.0128381785779876,-0.00111329763463453,0.0472564691324416,-0.0168349684948095,-0.0107722414287644,-0.00364565774721872,-0.0147570564066407,-0.00103489639275886,0.0343045575434835
"48",36095,0.483412144411919,0.00724311341289499,0.00146363431659536,0.00397808301433611,0.000150116340163627,0.00656758988215867,0.475868798318697,0.0084065150491631,0.00172633791188171,0.00379043758913158,0.000187645425204534,0.00720558432785409,0,0,0,0,0.154639175257732,0.376288659793814,0,0,0,0,0.131443298969072,0.337628865979381,-0.107123484618105,-0.00724311341289499,-0.00146363431659536,-0.00397808301433611,-0.000150116340163627,0.148071585375573,-0.138239932339316,-0.0084065150491631,-0.00172633791188171,-0.00379043758913158,-0.000187645425204534,0.124237714641218
"49",36097,0.487829143728859,0.00477548583935796,0.00159182861311932,0.00437752868607813,0.000066326192213305,0.00583670491477084,0.480466936393182,0.0053060953770644,0.00185713338197254,0.00218876434303907,0.00026530476885322,0.00543874776149101,NA,NA,NA,NA,NA,NA,NA,NA,NA,NA,NA,NA,NA,NA,NA,NA,NA,NA,NA,NA,NA,NA,NA,NA
"50",36099,0.455430237869365,0.00734338217209515,0.00158111099399178,0.00432170338357753,0,0.00611362917676821,0.458873546256281,0.0525280208003935,0.00337303678718246,0.00358385158638136,0.0000702715997329679,0.0067812093742314,NA,NA,NA,NA,NA,NA,NA,NA,NA,NA,NA,NA,NA,NA,NA,NA,NA,NA,NA,NA,NA,NA,NA,NA
"51",36101,0.483176038716069,0.00590648697397335,0.00149885045791152,0.00805314568064324,0.000190531837870108,0.00584297636134998,0.469076682713681,0.010631676553152,0.00152425470296086,0.00818016690588998,0.000177829715345434,0.00574135938115259,0,0,0,0,0,0.49244060475162,0,0,0,0,0,0.50755939524838,0.00926456603555043,-0.00590648697397335,-0.00149885045791152,-0.00805314568064324,-0.000190531837870108,-0.00584297636134998,0.0384827125346986,-0.010631676553152,-0.00152425470296086,-0.00818016690588998,-0.000177829715345434,-0.00574135938115259
"52",36103,0.43372240115554,0.044614070873906,0.00292392175797431,0.0219542889487176,0.000397196623747138,0.00762340213996818,0.416329756388789,0.0408239831725652,0.00318083538524402,0.0206256784762657,0.000475494110153145,0.00732897096712892,0.0102987676940808,0.0494547711220781,0.0273500989981973,0,0.0912999793138095,0.343375986288011,0.0106533881024853,0.0417122255385797,0.00200951564762552,0,0.0832766925736576,0.340568574721475,-0.0903464148675295,0.0048407002481721,0.024426177240223,-0.0116555212546368,-0.000397196623747138,0.0836765771738413,-0.0757611816673142,0.000888242366014529,-0.0011713197376185,-0.00997229037378037,-0.000475494110153145,0.0759477216065287
"53",36105,0.421416650619424,0.0412414147249503,0.00328968483214584,0.0107516528660376,0.000320944861672765,0.0102381410873612,0.430162398100006,0.057352846780923,0.00426856666024777,0.00962834585018294,0.000433275563258232,0.0108960780537904,0,0.00998463901689708,0,0,0.0660522273425499,0.407834101382488,0,0,0,0,0.0798771121351766,0.436251920122888,-0.0135825492369351,-0.0312567757080532,-0.00328968483214584,-0.0107516528660376,-0.000320944861672765,0.0558140862551887,0.00608952202288149,-0.057352846780923,-0.00426856666024777,-0.00962834585018294,-0.000433275563258232,0.0689810340813863
"54",36107,0.491820015438631,0.00420827211832964,0.00112054583032446,0.00463158943200777,0.000124505092258273,0.00510470878258921,0.475733957518863,0.00605094748375209,0.00139445703329266,0.00363554869394158,0.000348614258323165,0.00582683831768719,0,0,0,0,0,0.537156231714453,0,0,0,0,0,0.462843768285547,0.0453362162758215,-0.00420827211832964,-0.00112054583032446,-0.00463158943200777,-0.000124505092258273,-0.00510470878258921,-0.0128901892333154,-0.00605094748375209,-0.00139445703329266,-0.00363554869394158,-0.000348614258323165,-0.00582683831768719
"55",36109,0.419875997244383,0.0217560390230894,0.00223338296406587,0.0523344963221405,0.000333340740905353,0.0144780995133225,0.395564345874353,0.0215893686526367,0.00225560568012623,0.0559679103980088,0.00035556345696571,0.0132558501300029,0.0105923891722244,0.00431541781090624,0,0,0,0.465672812867791,0.0133385641428011,0,0,0,0,0.506080816006277,0.0457968156234081,-0.0174406212121832,-0.00223338296406587,-0.0417421071499161,-0.000333340740905353,-0.0144780995133225,0.110516470131924,-0.0215893686526367,-0.00225560568012623,-0.0426293462552077,-0.00035556345696571,-0.0132558501300029
"56",36111,0.4528816761345,0.0284625375542815,0.00216470094328484,0.0116237880954568,0.000236149193812891,0.0109546987129869,0.430158875929837,0.0416868924078034,0.00235493223830078,0.00941316925337497,0.000229589493984755,0.00983299004237566,0,0.0209377764671188,0,0,0.0112061338838101,0.491005603066942,0,0.0215275729873194,0,0,0.014450014744913,0.440872898849897,0.0381239269324418,-0.00752476108716267,-0.00216470094328484,-0.0116237880954568,-0.000236149193812891,0.000251435170823192,0.0107140229200594,-0.020159319420484,-0.00235493223830078,-0.00941316925337497,-0.000229589493984755,0.00461702470253735
"57",36113,0.494197877137986,0.00531632110579479,0.00131991420557664,0.00544464609800363,0.00014665713395296,0.00625126033474491,0.466809657372271,0.00832279235183046,0.00163156061522668,0.00379475334103283,0.00012832499220884,0.00663623531137143,0,0,0,0,0,0.534330387491502,0,0,0,0,0,0.465669612508498,0.0401325103535164,-0.00531632110579479,-0.00131991420557664,-0.00544464609800363,-0.00014665713395296,-0.00625126033474491,-0.00114004486377317,-0.00832279235183046,-0.00163156061522668,-0.00379475334103283,-0.00012832499220884,-0.00663623531137143
"58",36115,0.469091329390688,0.0033518907360675,0.00140625300995935,0.0033518907360675,0.000231164878349483,0.00498930862437634,0.47153782435322,0.0361387759819691,0.00204195642542043,0.00248502244225694,0.000192637398624569,0.00518194602300091,0,0,0,0,0,0.486173059768064,0,0.056199821587868,0,0,0,0.457627118644068,0.0170817303773763,-0.0033518907360675,-0.00140625300995935,-0.0033518907360675,-0.000231164878349483,-0.00498930862437634,-0.0139107057091521,0.0200610456058988,-0.00204195642542043,-0.00248502244225694,-0.000192637398624569,-0.00518194602300091
"59",36117,0.480146741476047,0.0124892101855848,0.00194216659473457,0.00404618040569702,0.000242770824341821,0.00728312473025464,0.463112321968062,0.0173311394044022,0.00207703927492447,0.00292673716012085,0.000310207164436772,0.00809236081139404,0,0,0,0,0.00367278797996661,0.534557595993322,0,0.00467445742904841,0,0,0.00400667779632721,0.453088480801336,0.0544108545172756,-0.0124892101855848,-0.00194216659473457,-0.00404618040569702,-0.000242770824341821,-0.00361033675028803,-0.0100238411667266,-0.0126566819753538,-0.00207703927492447,-0.00292673716012085,-0.000310207164436772,-0.00408568301506683
"60",36119,0.379976539618907,0.090773338557915,0.0043190712301378,0.0357808488940465,0.000627954526045042,0.0104604664948583,0.357646476672745,0.075912166744533,0.0052810975640388,0.0292300272783446,0.000653072707086844,0.00933893971134186,0.0119744149147164,0.0786642205474018,0.0152469258230861,0,0.149122372074574,0.253793137643792,0.0101398254660849,0.0660452201507338,0.0179988099960333,0,0.140197342324474,0.256817731059104,-0.126183401975115,-0.0121091180105132,0.0109278545929483,-0.0238064339793301,-0.000627954526045042,0.138661905579715,-0.100828745613642,-0.00986694659379919,0.0127177124319945,-0.0190902018122597,-0.000653072707086844,0.130858402613133
"61",36121,0.441242537092865,0.00192114441094757,0.00156647159661879,0.00274871431104806,0.000266004610746586,0.00401962522905953,0.475025122657682,0.06259975172903,0.00310338712537684,0.00248270970030147,0.000118224271442927,0.00490630726488148,0,0,0,0,0,0.498392282958199,0,0.0117899249732047,0,0,0,0.489817792068596,0.0571497458653342,-0.00192114441094757,-0.00156647159661879,-0.00274871431104806,-0.000266004610746586,-0.00401962522905953,0.0147926694109143,-0.0508098267558253,-0.00310338712537684,-0.00248270970030147,-0.000118224271442927,-0.00490630726488148
"62",36123,0.501766957887504,0.00368116226563267,0.00152154706979484,0.00633159909688819,0.000147246490625307,0.00422106606459213,0.468047511534308,0.00579169529792873,0.00147246490625307,0.00235594385000491,0.0000981643270835378,0.00456464120938451,0,0,0,0,0,0.666666666666667,0,0,0,0,0,0.333333333333333,0.164899708779163,-0.00368116226563267,-0.00152154706979484,-0.00633159909688819,-0.000147246490625307,-0.00422106606459213,-0.134714178200975,-0.00579169529792873,-0.00147246490625307,-0.00235594385000491,-0.0000981643270835378,-0.00456464120938451
